University,Score,Country,League
California Institute of Technology (Caltech),100.000,USA,Diamond League
Harvard University,98.697,USA,Diamond League
Massachusetts Institute of Technology (MIT),98.634,USA,Diamond League
Stanford University,98.424,USA,Diamond League
Karolinska Institute,98.414,Sweden,Diamond League
ETH Zurich (Swiss Federal Institute of Technology),96.644,Switzerland,Diamond League
Columbia University,96.562,USA,Diamond League
Imperial College London,96.113,UK,Diamond League
University of Chicago,96.032,USA,Diamond League
Johns Hopkins University,95.620,USA,Diamond League
Peking University,95.409,China,Diamond League
University of Oxford,95.289,UK,Diamond League
University of Pennsylvania,94.745,USA,Diamond League
Ecole Polytechnique Federale de Lausanne,94.733,Switzerland,Diamond League
Princeton University,94.665,USA,Diamond League
University of Cambridge,94.554,UK,Diamond League
Yale University,94.395,USA,Diamond League
Northwestern University,94.183,USA,Diamond League
Washington University in St. Louis,93.522,USA,Diamond League
University College London,93.124,UK,Diamond League
Korea Advanced Institute of Science and Technology (KAIST),93.104,Republic of Korea,Diamond League
Case Western Reserve University,92.457,USA,Diamond League
Technical University of Denmark,91.867,Denmark,Diamond League
New York University,91.732,USA,Diamond League
Carnegie Mellon University,91.432,USA,Diamond League
Cornell University,91.314,USA,Diamond League
Scuola Normale Superiore di Pisa,90.791,Italy,Diamond League
Tsinghua University,90.555,China,Diamond League
University of Southern California,90.287,USA,Diamond League
Emory University,89.904,USA,Diamond League
University of Michigan,89.822,USA,Diamond League
Pohang University of Science and Technology (POSTECH),89.676,Republic of Korea,Diamond League
Boston University,89.667,USA,Diamond League
University of Edinburgh,89.438,UK,Diamond League
Vanderbilt University,88.681,USA,Diamond League
"University of California, Los Angeles",88.496,USA,Diamond League
Tohoku University,88.428,Japan,Diamond League
Rice University,88.387,USA,Diamond League
Zhejiang University,88.180,China,Diamond League
Brown University,88.072,USA,Diamond League
University of Lausanne,87.912,Switzerland,Diamond League
University of Science and Technology of China,87.909,China,Diamond League
Ludwig Maximilian University of Munich,87.822,Germany,Diamond League
Fudan University,87.750,China,Diamond League
University of Washington,87.495,USA,Diamond League
Tufts University,87.380,USA,Diamond League
University of Tokyo,87.291,Japan,Diamond League
University of Wisconsin - Madison,87.129,USA,Diamond League
McGill University,87.100,Canada,Diamond League
Indian Institute of Science,87.073,India,Diamond League
University of Hong Kong,87.037,Hong Kong,Diamond League
University of Helsinki,86.987,Finland,Diamond League
Technische Universitat Dresden (TU Dresden),86.803,Germany,Diamond League
University of Pittsburgh,86.707,USA,Diamond League
Nanyang Technological University,86.632,Singapore,Diamond League
University of Rochester,86.573,USA,Diamond League
Kyoto University,86.227,Japan,Diamond League
Wageningen University & Research Center,86.169,Netherlands,Diamond League
University of Bern,85.985,Switzerland,Diamond League
University of Geneva,85.941,Switzerland,Diamond League
Shanghai Jiao Tong University,85.829,China,Diamond League
Chinese University Hong Kong,85.541,Hong Kong,Diamond League
Dartmouth College,85.437,USA,Diamond League
Tokyo Institute of Technology,85.397,Japan,Diamond League
University of North Carolina,85.375,USA,Diamond League
Australian National University,85.333,Australia,Diamond League
University of Minnesota,85.140,USA,Diamond League
Lund University,85.123,Sweden,Diamond League
King`s College London,85.101,UK,Diamond League
Lomonosov Moscow State University,84.949,Russia,Diamond League
"University of California, Berkeley",84.941,USA,Diamond League
University of Southampton,84.687,UK,Diamond League
Royal Institute of Technology (KTH),84.670,Sweden,Diamond League
University of Manchester,84.523,UK,Diamond League
Utrecht University,84.519,Netherlands,Diamond League
University of Sao Paulo,84.305,Brazil,Diamond League
National University of Singapore,84.226,Singapore,Diamond League
"University of California, San Diego",84.174,USA,Diamond League
Georgetown University,84.102,USA,Diamond League
Technical University of Munich,84.094,Germany,Diamond League
University of Zurich,84.075,Switzerland,Diamond League
University of Illinois at Chicago,83.576,USA,Diamond League
RWTH Aachen University,83.476,Germany,Diamond League
"University of California, Davis",83.439,USA,Diamond League
University of Twente,82.960,Netherlands,Diamond League
Hokkaido University,82.866,Japan,Diamond League
Ohio State University,82.710,USA,Diamond League
National Yang Ming Chiao Tung University,82.706,Taiwan,Diamond League
Rutgers the State University of New Jersey,82.639,USA,Diamond League
University of Toronto,82.618,Canada,Diamond League
Sorbonne University,82.554,France,Diamond League
University of Gottingen,82.113,Germany,Diamond League
Purdue University,82.105,USA,Diamond League
University of Bristol,82.027,UK,Diamond League
National Research Nuclear University MEPhI (Moscow Engineering Physics Institute),81.954,Russia,Diamond League
Moscow Institute of Physics and Technology,81.941,Russia,Diamond League
"Ecole Normale Superieure, Lyon",81.929,France,Diamond League
University of Sydney,81.929,Australia,Diamond League
Tomsk State University,81.889,Russia,Diamond League
Aarhus University,81.726,Denmark,Golden League
Hebrew University of Jerusalem,81.685,Israel,Golden League
London School of Economics and Political Science,81.475,UK,Golden League
George Washington University,81.455,USA,Golden League
Karlsruhe Institute of Technology,81.449,Germany,Golden League
University of Sheffield,81.350,UK,Golden League
City University of Hong Kong,81.304,Hong Kong,Golden League
Medical University of Vienna,81.293,Austria,Golden League
University of British Columbia,81.195,Canada,Golden League
University of Queensland Australia,81.143,Australia,Golden League
Universite Paris-Sud,81.094,France,Golden League
Tongji University,80.973,China,Golden League
Chalmers University of Technology,80.971,Sweden,Golden League
University of Glasgow,80.918,UK,Golden League
Nanjing University,80.871,China,Golden League
University of Calgary,80.710,Canada,Golden League
Radboud University Nijmegen,80.680,Netherlands,Golden League
University of Notre Dame,80.620,USA,Golden League
University of Florida,80.550,USA,Golden League
Hong Kong University of Science and Technology,80.420,Hong Kong,Golden League
Harbin Institute of Technology,80.312,China,Golden League
Osaka University,80.306,Japan,Golden League
National Taiwan University,80.274,Taiwan,Golden League
IMT Atlantique,80.267,France,Golden League
Nagoya University,80.256,Japan,Golden League
Lancaster University,80.168,UK,Golden League
"University of Maryland, College Park",80.026,USA,Golden League
Queen Mary University of London,79.961,UK,Golden League
University of Gothenburg,79.791,Sweden,Golden League
Hanyang University,79.778,Republic of Korea,Golden League
University of Groningen,79.776,Netherlands,Golden League
Yonsei University,79.714,Republic of Korea,Golden League
Erasmus University Rotterdam,79.453,Netherlands,Golden League
University of St. Andrews,79.373,UK,Golden League
University of Miami,79.221,USA,Golden League
University of Utah,79.049,USA,Golden League
Georgia Institute of Technology,78.992,USA,Golden League
University of Kansas,78.873,USA,Golden League
Tokyo Medical and Dental University,78.630,Japan,Golden League
University of Tsukuba,78.594,Japan,Golden League
University of Wurzburg,78.468,Germany,Golden League
Michigan State University,78.465,USA,Golden League
University of New South Wales,78.440,Australia,Golden League
Technical University of Berlin,78.438,Germany,Golden League
University of Birmingham,78.419,UK,Golden League
University of Warwick,78.413,UK,Golden League
McMaster University,78.229,Canada,Golden League
University of Bergen,78.000,Norway,Golden League
State University of Campinas (Unicamp),77.926,Brazil,Golden League
University of Iowa,77.901,USA,Golden League
Pennsylvania State University,77.782,USA,Golden League
Monash University,77.558,Australia,Golden League
Northeastern University,77.528,USA,Golden League
Katholieke Universiteit Leuven (KU Leuven),77.269,Belgium,Golden League
Newcastle University,77.180,UK,Golden League
Tel Aviv University,77.178,Israel,Golden League
Gwangju Institute of Science and Technology,77.174,Republic of Korea,Golden League
University of Malaya,76.894,Malaysia,Golden League
Cardiff University,76.792,UK,Golden League
Rockefeller University,76.749,USA,Golden League
University of Arizona,76.724,USA,Golden League
"Indian Institute of Science Education and Research, Pune",76.684,India,Golden League
University of Adelaide,76.679,Australia,Golden League
Autonomous University of Barcelona,76.666,Spain,Golden League
Trinity College Dublin,76.519,Ireland,Golden League
Humboldt University of Berlin,76.484,Germany,Golden League
"State University of New York, Buffalo",76.456,USA,Golden League
Swedish University of Agricultural Sciences,76.430,Sweden,Golden League
Sungkyunkwan University,76.422,Republic of Korea,Golden League
Beijing Normal University,76.405,China,Golden League
University of Erlangen Nuremberg,76.330,Germany,Golden League
Tehran University of Medical Sciences,76.174,Iran,Golden League
University of Cape Town,76.132,South Africa,Golden League
University of Hawaii,75.983,USA,Golden League
University of Illinois at Urbana - Champaign,75.966,USA,Golden League
Durham University,75.951,UK,Golden League
"State University of New York, Stony Brook",75.908,USA,Golden League
Indiana University,75.837,USA,Golden League
North Carolina State University,75.826,USA,Golden League
University of York,75.816,UK,Golden League
Aalto University,75.792,Finland,Golden League
Universite Paris Cite,75.755,France,Golden League
Technion Israel Institute of Technology,75.747,Israel,Golden League
University of Reading,75.590,UK,Golden League
National Tsing Hua University,75.587,Taiwan,Golden League
University of Freiburg,75.525,Germany,Golden League
Wake Forest University,75.206,USA,Golden League
Vrije Universiteit Brussels (VUB),75.192,Belgium,Golden League
Drexel University,75.166,USA,Golden League
A.C.Camargo Cancer Center,75.103,Brazil,Golden League
Ghent University,74.995,Belgium,Golden League
Texas A&M University,74.915,USA,Golden League
Wuhan University,74.893,China,Golden League
University Catholique de Louvain,74.835,Belgium,Golden League
Xi`an Jiaotong University,74.826,China,Golden League
University of Western Australia,74.771,Australia,Silver League
Technical University of Darmstadt,74.762,Germany,Silver League
University of Liverpool,74.529,UK,Silver League
University of Montpellier,74.432,France,Silver League
University of Colorado,74.413,USA,Silver League
"Indian Institute of Technology, Kharagpur",74.399,India,Silver League
Universite de Paris,74.395,France,Silver League
Weizmann Institute of Science,74.365,Israel,Silver League
"University of California, Irvine",74.182,USA,Silver League
Beihang University,74.138,China,Silver League
University of Aberdeen,74.031,UK,Silver League
Western University,73.767,Canada,Silver League
Universite de Montreal,73.742,Canada,Silver League
University of Exeter,73.676,UK,Silver League
Huazhong University of Science and Technology,73.586,China,Silver League
Laval University,73.577,Canada,Silver League
University of Bonn,73.565,Germany,Silver League
Southeast University,73.495,China,Silver League
Hong Kong Polytechnic University,73.378,Hong Kong,Silver League
University of Ottawa,73.328,Canada,Silver League
University of Alaska,73.230,USA,Silver League
University of Auckland,73.184,New Zealand,Silver League
China Agricultural University,73.167,China,Silver League
University of Konstanz,73.087,Germany,Silver League
University of Ulm,72.901,Germany,Silver League
University of Barcelona,72.885,Spain,Silver League
"Indian Institute of Technology, Madras",72.651,India,Silver League
University of Nova Gorica,72.501,Slovenia,Silver League
William & Mary,72.447,USA,Silver League
University of Padua,72.422,Italy,Silver League
Queen`s University Belfast,72.207,UK,Silver League
"University of California, Santa Barbara",72.203,USA,Silver League
Temple University,72.122,USA,Silver League
Universite Grenoble Alpes (UGA),72.061,France,Silver League
University of Sussex,71.890,UK,Silver League
Aix Marseille University,71.745,France,Silver League
Beijing Institute of Technology,71.737,China,Silver League
Tomsk Polytechnic University,71.570,Russia,Silver League
University of Missouri,71.507,USA,Silver League
University of Connecticut,71.422,USA,Silver League
Aalborg University,71.406,Denmark,Silver League
Kyung Hee University,71.375,Republic of Korea,Silver League
Tianjin University,71.368,China,Silver League
University of Tennessee Knoxville,71.358,USA,Silver League
University of Witwatersrand,71.353,South Africa,Silver League
University of Georgia,71.315,USA,Silver League
SOAS University of London,71.298,UK,Silver League
University of Navarra,71.136,Spain,Silver League
Universiti Putra Malaysia,71.112,Malaysia,Silver League
Kazan Federal University,71.067,Russia,Silver League
University of Oklahoma,71.058,USA,Silver League
Hiroshima University,71.056,Japan,Silver League
King Abdulaziz University,71.021,Saudi Arabia,Silver League
Charles University in Prague,71.004,Czech Republic,Silver League
University of Florence,70.971,Italy,Silver League
University of Tartu,70.951,Estonia,Silver League
University of Antwerp,70.842,Belgium,Silver League
Kobe University,70.814,Japan,Silver League
Semmelweis University,70.691,Hungary,Silver League
USI - Universita della Svizzera italiana,70.669,Switzerland,Silver League
Syracuse University,70.470,USA,Silver League
"Indian Institute of Technology, Delhi",70.441,India,Silver League
Universiti Kebangsaan Malaysia,70.367,Malaysia,Silver League
Tulane University,70.344,USA,Silver League
University of Bath,70.342,UK,Silver League
University College Dublin,70.215,Ireland,Silver League
Shandong University,70.202,China,Silver League
"Royal Holloway, University of London",70.159,UK,Silver League
University of Strathclyde,70.072,UK,Silver League
Bauman Moscow State Technical University,70.021,Russia,Silver League
Norwegian University of Science and Technology,69.989,Norway,Silver League
Umea University,69.930,Sweden,Silver League
National University of Science and Technology MISiS,69.706,Russia,Silver League
Rensselaer Polytechnic Institute,69.706,USA,Silver League
Loughborough University,69.660,UK,Silver League
Nankai University,69.653,China,Silver League
University of Wollongong,69.648,Australia,Silver League
Tilburg University,69.596,Netherlands,Silver League
University of Saskatchewan,69.580,Canada,Silver League
University of Nebraska Medical Center,69.529,USA,Silver League
Universiti Teknologi Malaysia,69.496,Malaysia,Silver League
Boston College,69.341,USA,Silver League
University of New Mexico,69.341,USA,Silver League
Curtin University,69.304,Australia,Silver League
South China University of Technology,69.254,China,Silver League
Washington State University,69.212,USA,Silver League
Sapienza University of Rome,69.208,Italy,Silver League
East China Normal University,69.080,China,Silver League
University of Surrey,69.080,UK,Silver League
University of Trieste,69.076,Italy,Silver League
St George`s University of London,69.072,UK,Silver League
University of Montana,69.067,USA,Silver League
Colorado State University,69.017,USA,Silver League
ITMO University,68.997,Russia,Silver League
Colorado School of Mines,68.973,USA,Silver League
Virginia Polytechnic Institute and State University,68.921,USA,Silver League
Bielefeld University,68.828,Germany,Silver League
Macquarie University,68.822,Australia,Silver League
"University of California, Riverside",68.821,USA,Silver League
University of Delaware,68.812,USA,Silver League
Claude Bernard University Lyon 1,68.740,France,Bronze League
School of Oriental and African Studies (SOAS University),68.715,UK,Bronze League
Arizona State University,68.703,USA,Bronze League
University of Tasmania,68.599,Australia,Bronze League
University of Waterloo,68.520,Canada,Bronze League
American University of Beirut,68.515,Lebanon,Bronze League
University of Jyvaskyla,68.422,Finland,Bronze League
University of Dundee,68.404,UK,Bronze League
Queens University,68.333,Canada,Bronze League
University of Bremen,68.290,Germany,Bronze League
Universite Libre de Bruxelles,68.274,Belgium,Bronze League
Queensland University of Technology,68.198,Australia,Bronze League
University of Otago,68.075,New Zealand,Bronze League
University of South Florida,68.040,USA,Bronze League
Pompeu Fabra University,68.013,Spain,Bronze League
Universiti Sains Malaysia,67.932,Malaysia,Bronze League
Bar-Ilan University,67.913,Israel,Bronze League
Sun Yat-sen University,67.835,China,Bronze League
Khalifa University,67.571,United Arab Emirates,Bronze League
University of East Anglia,67.285,UK,Bronze League
"Indian Institute of Technology, Kanpur",67.283,India,Bronze League
Oregon State University,67.245,USA,Bronze League
University of Nebraska,67.239,USA,Bronze League
Federal University of Rio de Janeiro,67.134,Brazil,Bronze League
University of Tehran,66.913,Iran,Bronze League
University of Canterbury,66.841,New Zealand,Bronze League
University of Guelph,66.830,Canada,Bronze League
James Cook University,66.794,Australia,Bronze League
Central South University,66.633,China,Bronze League
Sichuan University,66.631,China,Bronze League
University of Porto,66.391,Portugal,Bronze League
King Fahd University of Petroleum and Minerals,66.338,Saudi Arabia,Bronze League
University of Bordeaux,66.282,France,Bronze League
Okayama University,66.281,Japan,Bronze League
American University,66.280,USA,Bronze League
Middle East Technical University,66.225,Turkey,Bronze League
Northwestern Polytechnical University,66.217,China,Bronze League
National Cheng Kung University,66.169,Taiwan,Bronze League
Saint Petersburg State University,66.039,Russia,Bronze League
"University of California, Santa Cruz",66.019,USA,Bronze League
Lappeenranta University of Technology,65.958,Finland,Bronze League
"Birkbeck, University of London",65.939,UK,Bronze League
Autonomous University of Madrid,65.681,Spain,Bronze League
University of Macau,65.671,Macau,Bronze League
Johann Wolfgang Goethe University Frankfurt am Main,65.669,Germany,Bronze League
Brunel University,65.459,UK,Bronze League
Florida Institute of Technology,65.456,USA,Bronze League
University of Iceland,65.454,Iceland,Bronze League
Dalian University of Technology,65.323,China,Bronze League
University of Genoa,65.297,Italy,Bronze League
University of Oulu,65.286,Finland,Bronze League
Heriot-Watt University,65.282,UK,Bronze League
Lehigh University,65.193,USA,Bronze League
University of Pisa,65.133,Italy,Bronze League
Brandeis University,65.042,USA,Bronze League
Tokyo Metropolitan University,64.922,Japan,Bronze League
Stellenbosch University,64.843,South Africa,Bronze League
University of Manitoba,64.724,Canada,Bronze League
Pontificia University Catolica de Chile,64.690,Chile,Bronze League
"State University of New York, Albany",64.662,USA,Bronze League
RUDN University,64.644,Russia,Bronze League
Koc University,64.504,Turkey,Bronze League
National Taiwan Normal University,64.429,Taiwan,Bronze League
University of Turku,64.412,Finland,Bronze League
Southern Medical University - China,64.412,China,Bronze League
University of Coimbra,64.347,Portugal,Bronze League
Isfahan University of Technology,64.309,Iran,Bronze League
RMIT University,64.186,Australia,Bronze League
King Saud University,63.882,Saudi Arabia,Bronze League
Sechenov University,63.619,Russia,Bronze League
Flinders University,63.601,Australia,Bronze League
Simon Fraser University,63.408,Canada,Bronze League
Polytechnic University of Catalonia,63.370,Spain,Bronze League
George Mason University,63.323,USA,Bronze League
Auburn University,63.293,USA,Bronze League
University of Hannover,63.226,Germany,Bronze League
Peter the Great St. Petersburg Polytechnic University,63.189,Russia,Bronze League
University of Wyoming,63.150,USA,Bronze League
Universiti Teknologi Petronas,63.141,Malaysia,Bronze League
University of Ibadan,63.128,Nigeria,Bronze League
University of Innsbruck,63.051,Austria,Bronze League
Ewha Womans University,63.049,Republic of Korea,Bronze League
University of Essex,62.947,UK,Bronze League
Istanbul Technical University,62.908,Turkey,Bronze League
Creighton University,62.902,USA,Bronze League
La Trobe University,62.698,Australia,Bronze League
University of Eastern Finland,62.674,Finland,Bronze League
National Sun Yat-Sen University,62.666,Taiwan,Bronze League
Keio University,62.648,Japan,Bronze League
Polytechnic University of Milan,62.429,Italy,Bronze League
Oklahoma State University,62.412,USA,Bronze League
University of St. Gallen,62.244,Switzerland,Bronze League
Massey University,62.207,New Zealand,Bronze League
Beijing University of Technology,62.086,China,Bronze League
National Taiwan University of Science and Technology,62.080,Taiwan,Bronze League
Central European University,61.945,Hungary,Bronze League
Nanjing Medical University,61.894,China,Bronze League
Iran University of Science & Technology,61.886,Iran,Bronze League
Juntendo University,61.838,Japan,Bronze League
Kanazawa University,61.806,Japan,Bronze League
University of KwaZulu Natal,61.800,South Africa,Copper League
University of Lisbon,61.691,Portugal,Copper League
Louisiana State University,61.624,USA,Copper League
Shanghai University,61.573,China,Copper League
University of Nova de Lisboa,61.559,Portugal,Copper League
National Central University,61.339,Taiwan,Copper League
Mahidol University,61.301,Thailand,Copper League
University of Hyderabad,61.269,India,Copper League
Swansea University,61.263,UK,Copper League
Chiba University,61.257,Japan,Copper League
University College Cork,61.195,Ireland,Copper League
University of Aveiro,61.098,Portugal,Copper League
Jilin University,61.094,China,Copper League
University of Electronic Science and Technology of China,60.970,China,Copper League
University of Oregon,60.884,USA,Copper League
Victoria University of Wellington,60.762,New Zealand,Copper League
Nanjing University of Science & Technology,60.606,China,Copper League
University of Qatar,60.560,Qatar,Copper League
Kumamoto University,60.554,Japan,Copper League
Yokohama City University,60.482,Japan,Copper League
University of Vermont,60.338,USA,Copper League
Universite Cote d`Azur (ComUE),60.320,France,Copper League
Polytechnic University of Valencia,60.313,Spain,Copper League
Chulalongkorn University,60.305,Thailand,Copper League
University of Sherbrooke,60.275,Canada,Copper League
Comenius University Bratislava,60.263,Slovakia,Copper League
Goldsmiths College,60.201,UK,Copper League
Deakin University,60.089,Australia,Copper League
University of Pretoria,60.079,South Africa,Copper League
Palacky University of Olomouc,60.051,Czech Republic,Copper League
University of South Australia,59.972,Australia,Copper League
University of Texas at Dallas,59.969,USA,Copper League
Sejong University,59.838,Republic of Korea,Copper League
Sabanci University,59.753,Turkey,Copper League
Polytechnic University of Turin,59.532,Italy,Copper League
Hunan University,59.393,China,Copper League
Bogazici University,59.369,Turkey,Copper League
University of Tromso,59.365,Norway,Copper League
Beijing Jiaotong University,59.354,China,Copper League
Aberystwyth University,59.213,UK,Copper League
Renmin University of China,59.167,China,Copper League
University of Chile,59.074,Chile,Copper League
Masaryk University,59.050,Czech Republic,Copper League
Hong Kong Baptist University,59.016,Hong Kong,Copper League
University of Western Sydney,58.907,Australia,Copper League
Ben-Gurion University of the Negev,58.851,Israel,Copper League
Swinburne University of Technology,58.736,Australia,Copper League
Northeastern University (China),58.704,China,Copper League
University of Stirling,58.680,UK,Copper League
University of Debrecen,58.618,Hungary,Copper League
National Autonomous University of Mexico,58.490,Mexico,Copper League
Chung-Ang University,58.394,Republic of Korea,Copper League
University of Idaho,58.139,USA,Copper League
Moscow Aviation Institute,58.118,Russia,Copper League
Beijing University of Chemical Technology,58.081,China,Copper League
Vilnius University,58.077,Lithuania,Copper League
University of Houston,57.950,USA,Copper League
Shahid Beheshti University,57.901,Iran,Copper League
Lobachevsky University,57.873,Russia,Copper League
Soochow University (China),57.835,China,Copper League
University of Brescia,57.812,Italy,Copper League
Texas Tech University,57.670,USA,Copper League
Keele University,57.499,UK,Copper League
Yokohama National University,57.490,Japan,Copper League
University of Valencia,57.424,Spain,Copper League
University of Yamanashi,57.349,Japan,Copper League
Worcester Polytechnic Institute,57.290,USA,Copper League
Gifu University,57.234,Japan,Copper League
University of Minho,57.223,Portugal,Copper League
Stevens Institute of Technology,57.195,USA,Copper League
Jamia Millia Islamia,57.150,India,Copper League
The New School,57.138,USA,Copper League
University of Szeged,57.030,Hungary,Copper League
New Mexico State University,56.866,USA,Copper League
Chongqing University,56.764,China,Copper League
East China University of Science and Technology,56.749,China,Copper League
University of Limerick,56.569,Ireland,Copper League
West Virginia University,56.567,USA,Copper League
Auckland University of Technology,56.377,New Zealand,Copper League
Kyungpook National University,56.373,Republic of Korea,Copper League
K. N. Toosi University of Technology,56.363,Iran,Copper League
Konkuk University,56.268,Republic of Korea,Copper League
Jinan University,56.262,China,Copper League
Bilkent University,56.248,Turkey,Copper League
University of Ferrara,56.141,Italy,Copper League
University of Hull,56.107,UK,Copper League
Politecnico di Torino,56.104,Italy,Copper League
University of Sofia,56.063,Bulgaria,Copper League
Charles III University of Madrid,56.047,Spain,Copper League
Osaka City University,56.008,Japan,Copper League
University of Canberra,55.857,Australia,Copper League
Manipal Academy of Higher Education,55.811,India,Copper League
University of Rovira i Virgili,55.769,Spain,Copper League
Chang Gung University,55.678,Taiwan,Copper League
Middle East University,55.670,Jordan,Copper League
University of Plymouth,55.667,UK,Copper League
University de Lorraine,55.575,France,Copper League
Eotvos Lorand University,55.506,Hungary,Copper League
University of South Carolina,55.496,USA,Copper League
China Medical University (Taiwan),55.415,China,Copper League
Florida International University,55.268,USA,World League
Xiamen University,55.263,China,World League
Ajou University,55.177,Republic of Korea,World League
New Jersey Institute of Technology (NJIT),55.168,USA,World League
University of Ljubljana,55.139,Slovenia,World League
Kent State University,55.115,USA,World League
Shanghai University of Traditional Chinese Medicine,55.004,China,World League
Mendeleev University,54.977,Russia,World League
Brno University of Technology,54.966,Czech Republic,World League
University of Arkansas,54.964,USA,World League
University of Santiago de Compostela,54.893,Spain,World League
Charles Darwin University,54.888,Australia,World League
North Dakota State University,54.881,USA,World League
University of New Brunswick,54.804,Canada,World League
University of Palermo,54.754,Italy,World League
Fluminense Federal University,54.655,Brazil,World League
Fujita Health University,54.655,Japan,World League
Polytechnic University of Madrid,54.627,Spain,World League
Riga Technical University,54.548,Latvia,World League
Waseda University,54.532,Japan,World League
Murdoch University,54.481,Australia,World League
Hofstra University,54.449,USA,World League
Indian Institute of Technology (Indian School of Mines),54.386,India,World League
Amrita Vishwa Vidyapeetham University,54.359,India,World League
Federal University of Vicosa,54.273,Brazil,World League
Mississippi State University,53.865,USA,World League
Ankara University,53.859,Turkey,World League
Babol Noshirvani University of Technology,53.839,Iran,World League
Oxford Brookes University,53.809,UK,World League
Complutense University of Madrid,53.792,Spain,World League
Chiang Mai University,53.779,Thailand,World League
University of Waikato,53.715,New Zealand,World League
University of Ulsan,53.705,Republic of Korea,World League
University of Victoria,53.672,Canada,World League
University of Pecs,53.565,Hungary,World League
Aston University,53.549,UK,World League
Guangzhou Medical University,53.543,China,World League
Jeonbuk National University,53.485,Republic of Korea,World League
Siberian Federal University,53.298,Russia,World League
Dublin City University,53.297,Ireland,World League
Nanjing University of Aeronautics & Astronautics,53.285,China,World League
National Taras Shevchenko University of Kyiv,53.222,Ukraine,World League
Liverpool John Moores University,53.215,UK,World League
Ca`Foscari University of Venice,53.107,Italy,World League
Universidade Federal de Lavras,53.092,Brazil,World League
Chonnam National University,53.076,Republic of Korea,World League
Saratov State University,52.901,Russia,World League
Kyushu Institute of Technology,52.888,Japan,World League
Hacettepe University,52.773,Turkey,World League
National Chung Hsing University,52.685,Taiwan,World League
Nanjing Agricultural University,52.588,China,World League
Macau University of Science and Technology,52.587,Macau,World League
Nanjing University of Technology,52.508,China,World League
Kaohsiung Medical University,52.359,Taiwan,World League
Istanbul University,52.149,Turkey,World League
University of Turin,52.079,Italy,World League
Al-Farabi Kazakh National University,52.050,Kazakhstan,World League
Orel State University,52.049,Russia,World League
University of Crete,52.028,Greece,World League
University of Southern Queensland,51.973,Australia,World League
"Northwest University, Xi`an",51.892,China,World League
York University,51.850,Canada,World League
Harbin Engineering University,51.830,China,World League
University of Johannesburg,51.826,South Africa,World League
University of Rome III,51.688,Italy,World League
Karadeniz Technical University,51.637,Turkey,World League
National Taipei University of Technology,51.631,Taiwan,World League
Saint-Petersburg State Electrotechnical University ``LETI``,51.458,Russia,World League
Osaka Prefecture University,51.374,Japan,World League
University of Salento,51.320,Italy,World League
Yamagata University,51.299,Japan,World League
University of Bradford,51.237,UK,World League
Sogang University,51.177,Republic of Korea,World League
Universidade Federal do Ceara,51.126,Brazil,World League
University of Alcala,51.094,Spain,World League
Northumbria University,51.057,UK,World League
American University in Cairo,50.938,Egypt,World League
Belarusian State University,50.936,Belarus,World League
China University of Mining & Technology,50.935,China,World League
Ural Federal University,50.926,Russia,World League
Northeast Normal University (China),50.778,China,World League
ISCTE - Instituto Universitario de Lisboa,50.720,Portugal,World League
University of South Dakota,50.584,USA,World League
Old Dominion University,50.552,USA,World League
University of the Basque Country,50.514,Spain,World League
Jiangnan University,50.510,China,World League
University of Texas at Arlington,50.506,USA,World League
IMT Mines Albi,50.252,France,World League
University of Zagreb,50.186,Croatia,World League
University of Zaragoza,50.107,Spain,World League
Beijing Forestry University,49.989,China,World League
Australian Catholic University,49.964,Australia,World League
Novosibirsk State Technical University,49.915,Russia,World League
Wuhan University of Technology,49.889,China,World League
Universita Cattolica del Sacro Cuore,49.854,Italy,World League
University of Portsmouth,49.790,UK,World League
Universite du Quebec a Montreal,49.789,Canada,World League
Immanuel Kant Baltic Federal University,49.699,Russia,World League
University of Ulster,49.622,UK,World League
Gyeongsang National University,49.521,Republic of Korea,World League
Toyohashi University of Technology,49.462,Japan,World League
Chonbuk National University,49.435,Republic of Korea,World League
University of Salamanca,49.362,Spain,World League
University of Electro-Communications,49.261,Japan,World League
Pontificia Universidade Catolica do Rio Grande do Sul,49.136,Brazil,World League
Concordia University,49.074,Canada,World League
Altai State University,49.035,Russia,World League
Bashkirian State Medical University,48.851,Russia,World League
Plekhanov Russian University of Economics,48.810,Russia,World League
Ryazan State Medical University,48.791,Russia,World League
Shenzhen University,48.784,China,World League
Samara University,48.759,Russia,World League
Thammasat University,48.699,Thailand,World League
University of the Ryukyus,48.532,Japan,World League
Marquette University,48.504,USA,World League
University of Central Florida,48.501,USA,World League
Kyiv National Economic University,48.307,Ukraine,World League
Edith Cowan University,47.871,Australia,World League
University of Alabama Birmingham,47.859,USA,World League
University of Tabriz,47.847,Iran,World League
University of Valladolid,47.794,Spain,World League
Universite de Tunis El Manar,47.783,Tunisia,World League
Middlesex University,47.633,UK,World League
Hitotsubashi University,47.609,Japan,World League
Xidian University,47.606,China,World League
Lebanese American University,47.494,Lebanon,World League
University of Peradeniya,47.475,Sri Lanka,World League
Texas Christian University,47.354,USA,World League
Donghua University,47.353,China,World League
University of Seville,47.323,Spain,World League
Tokyo University of Science,47.266,Japan,World League
Kashan University,47.194,Iran,World League
University of Puerto Rico,47.140,Puerto Rico,World League
University of Memphis,47.025,USA,World League
University of Lucerne,47.016,Switzerland,World League
University of Texas at San Antonio,46.865,USA,World League
Aristotle University of Thessaloniki,46.826,Greece,World League
Northern Arizona University,46.788,USA,World League
San Diego State University,46.693,USA,World League
National Research University of Electronic Technology (MIET),46.675,Russia,World League
Zhejiang University of Technology,46.643,China,World League
University of Bucharest,46.635,Romania,World League
University of Vigo,46.516,Spain,World League
"RANEPA, The Russian Presidential Academy of National Economy and Public Administration",46.448,Russia,World League
Babes-Bolyai University,46.391,Romania,World League
Tottori University,46.294,Japan,World League
Inha University,46.278,Republic of Korea,World League
University of Salerno,46.251,Italy,World League
Monterrey Institute of Technology and Higher Education,46.187,Mexico,World League
IMT MINES ALES,46.157,France,World League
East Carolina University,46.030,USA,World League
Gazi University,45.973,Turkey,World League
King Mongkut`s University of Technology Thonburi,45.872,Thailand,World League
Jiangsu University,45.699,China,World League
University of Westminster,45.671,UK,World League
Maynooth University,45.527,Ireland,World League
University of Zilina,45.499,Slovakia,World League
Tomsk State University of Control Systems and Radioelectronics (TUSUR University),45.462,Russia,World League
Technical University of Moldova,45.456,Moldova,World League
Coventry University,45.407,UK,World League
University of the Algarve,45.334,Portugal,World League
Financial University under the Government of the Russian Federation,45.318,Russia,World League
Nanjing Normal University,45.313,China,World League
Shantou University,45.294,China,World League
Far Eastern Federal University,45.284,Russia,World League
University of Central Lancashire,45.224,UK,World League
Universiti Malaysia Pahang,45.083,Malaysia,World League
Technical University of Sofia,45.027,Bulgaria,World League
Innopolis University,44.935,Russia,World League
University of Huddersfield,44.862,UK,World League
Pirogov University,44.828,Russia,World League
Manchester Metropolitan University,44.758,UK,World League
North-Eastern Federal University,44.695,Russia,World League
National Technical University Kharkiv Polytechnic Institute,44.651,Ukraine,World League
University of West Bohemia,44.640,Czech Republic,World League
Alexandria University,44.539,Egypt,World League
Florida Atlantic University,44.474,USA,World League
Hallym University,44.401,Republic of Korea,World League
University of Hertfordshire,44.377,UK,World League
Gebze Technical University,44.333,Turkey,World League
Austral University (Argentina),44.320,Argentina,World League
"State University of New York, Binghamton",44.257,USA,World League
University of Baghdad,44.095,Iraq,World League
Tokai University,44.052,Japan,World League
University of Isfahan,44.016,Iran,World League
Ufa State Aviation Technical University,43.936,Russia,World League
Autonomous University of Mexico State,43.905,Mexico,World League
University of Bari,43.791,Italy,World League
Kursk State Medical University,43.673,Russia,World League
University of Greenwich,43.563,UK,World League
Metropolitan Autonomous University,43.465,Mexico,World League
Khon Kaen University,43.462,Thailand,World League
Irkutsk State University,43.403,Russia,World League
Oakland University,43.250,USA,World League
Eskisehir Osmangazi University,43.246,Turkey,World League
TOBB University of Economics and Technology,43.231,Turkey,World League
Kursk State University,43.229,Russia,World League
Zhejiang Normal University,43.223,China,World League
University of Basrah,43.095,Iraq,World League
Glasgow Caledonian University,43.087,UK,World League
Covenant University,43.046,Nigeria,World League
Universite de Carthage,42.981,Tunisia,World League
University of Maribor,42.942,Slovenia,World League
American University of Sharjah,42.899,United Arab Emirates,World League
Asia University (Taiwan),42.857,Taiwan,World League
Chung Shan Medical University,42.793,Taiwan,World League
Suranaree University of Technology,42.739,Thailand,World League
Portland State University,42.703,USA,World League
University of Tuscia,42.435,Italy,World League
Ain Shams University,42.317,Egypt,World League
Kazan National Research Technical University named after A.N. Tupolev,42.262,Russia,World League
Sumy State University,42.253,Ukraine,World League
Yeungnam University,42.225,Republic of Korea,World League
Southern Cross University,42.187,Australia,World League
Kookmin University,42.092,Republic of Korea,World League
Iuliu Hatieganu University of Medicine and Pharmacy Cluj-Napoca,41.986,Romania,World League
Belgorod National Research University,41.973,Russia,World League
Abdullah Gul University,41.869,Turkey,World League
University of Malaysia Perlis,41.768,Malaysia,World League
University of South Africa,41.741,South Africa,World League
National Chung Cheng University,41.586,Taiwan,World League
South China Normal University,41.296,China,World League
University of the West of England,41.281,UK,World League
King Mongkut`s Institute of Technology Ladkrabang,41.268,Thailand,World League
Hawler Medical University,41.050,Iraq,World League
Universite de Paris-Nord - Paris 13,40.806,France,World League
Cochin University of Science and Technology,40.793,India,World League
University of Patras,40.790,Greece,World League
Miami University,40.772,USA,World League
University of South China,40.759,China,World League
University of Nebraska Omaha,40.683,USA,World League
University Politechica of Bucharest,40.432,Romania,World League
Mohammed V University,40.375,Morocco,World League
Sheffield Hallam University,40.338,UK,World League
Pontificial Catholic University of Valparaiso,40.333,Chile,World League
Wuhan University of Science & Technology,40.191,China,World League
Chang`an University,40.161,China,World League
Kasetsart University,40.146,Thailand,World League
Ege University,40.076,Turkey,World League
Yildiz Technical University,39.967,Turkey,World League
China Pharmaceutical University,39.763,China,World League
Baku State University,39.704,Azerbaijan,World League
Voronezh State University,39.607,Russia,World League
Cairo University,39.606,Egypt,World League
Siberian State Medical University,39.596,Russia,World League
Allameh Tabataba`i University,39.593,Iran,World League
MIREA - Russian Technological University,39.523,Russia,World League
Kazan National Research Technological University,39.473,Russia,World League
Western Michigan University,39.368,USA,World League
University of Science and Technology (UST),39.299,Republic of Korea,World League
National University of Uzbekistan named after Mirzo Ulugbek,39.260,Uzbekistan,World League
Perm State University,39.230,Russia,World League
Russian State Agrarian University,39.230,Russia,World League
Makerere University,39.166,Uganda,World League
Universidad Pontificia Bolivariana de Medellin-Colombia,39.139,Colombia,World League
De Montfort University,39.024,UK,World League
Federation University Australia,38.850,Australia,World League
Liaoning University,38.834,China,World League
Perm National Research Polytechnic University,38.713,Russia,World League
Ivane Javakhishvili Tbilisi State University,38.673,Republic of Georgia,World League
Institute of Space Technology,38.590,Pakistan,World League
Kharkiv National University of Radio Electronics,38.561,Ukraine,World League
Moscow Pedagogical State University,38.459,Russia,World League
University of Anbar,38.360,Iraq,World League
Yanshan University,38.324,China,World League
Herzen University,38.238,Russia,World League
Izmir Institute of Technology,37.916,Turkey,World League
University of Kurdistan,37.865,Iran,World League
National Taipei University,37.862,Taiwan,World League
Jiangsu Normal University,37.797,China,World League
Moscow State University of Civil Engineering,37.775,Russia,World League
National University of Ostroh Academy,37.704,Ukraine,World League
London Metropolitan University,37.671,UK,World League
IQS Universitat Ramon Llull,37.657,Spain,World League
Dokuz Eylul University,37.604,Turkey,World League
Mustansiriyah University,37.576,Iraq,World League
Prince of Songkla University,37.530,Thailand,World League
Alzahra University,37.435,Iran,World League
Tomsk State Pedagogical University,37.409,Russia,World League
New Economic School (NES),37.303,Russia,World League
Xiangtan University,37.266,China,World League
West University of Timisoara,37.156,Romania,World League
National Dong Hwa University,37.104,Taiwan,World League
National Yunlin University of Science and Technology,37.062,Taiwan,World League
Bashkir State University,36.976,Russia,World League
Southwest Jiaotong University,36.918,China,World League
National Changhua University of Education,36.864,Taiwan,World League
Samara State Technical University,36.860,Russia,World League
Kuwait University,36.609,Kuwait,World League
South Ural State University,36.539,Russia,World League
University of Babylon,36.492,Iraq,World League
King Mongkut`s University of Technology North Bangkok,36.425,Thailand,World League
University of Rijeka,36.408,Croatia,World League
Ataturk University,36.362,Turkey,World League
Gomel State Medical University,36.166,Belarus,World League
Yangzhou University,36.144,China,World League
Fu Jen Catholic University,36.108,Taiwan,World League
Ningbo University,36.047,China,World League
Vellore Institute of Technology,35.826,India,World League
Hangzhou Dianzi University,35.738,China,World League
Omsk State Technical University,35.629,Russia,World League
National Taiwan Ocean University,35.599,Taiwan,World League
Kermanshah University of Technology,35.578,Iran,World League
Erciyes University,35.564,Turkey,World League
Universite de la Manouba,35.488,Tunisia,World League
North-Western State Medical University named after I.I. Mechnikov,35.404,Russia,World League
Leeds Beckett University,35.397,UK,World League
University of Sopron,35.336,Hungary,World League
Universiti Teknologi MARA,35.296,Malaysia,World League
Dublin Institute of Technology,35.176,Ireland,World League
Redeemer`s University,35.110,Nigeria,World League
Devi Ahilya Vishwavidyalaya,35.062,India,World League
University of Kufa,34.999,Iraq,World League
D`Annunzio University,34.912,Italy,World League
North Caucasus Federal University,34.792,Russia,World League
University of Monastir,34.755,Tunisia,World League
Northern (Arctic) Federal University (NArFU),34.721,Russia,World League
Almazov National Medical Research Centre,34.716,Russia,World League
University of Sarajevo,34.604,Bosnia And Herzegovina,World League
Chernivtsi National University,34.537,Ukraine,World League
Atilim University,34.535,Turkey,World League
Athens University of Economics and Business,34.513,Greece,World League
Tver State Technical University,34.501,Russia,World League
Qingdao University,34.443,China,World League
Yuan Ze University,34.329,Taiwan,World League
European University at St. Petersburg,34.319,Russia,World League
Damietta University,34.132,Egypt,World League
Tyumen State University,34.109,Russia,World League
L.N. Gumilyov Eurasian National University,34.006,Kazakhstan,World League
Maikop State Technological University,33.930,Russia,World League
Yeditepe University,33.848,Turkey,World League
Guangdong University of Technology,33.814,China,World League
Gubkin Russian State University of Oil and Gas,33.698,Russia,World League
University of Information Technology and Communications,33.697,Iraq,World League
Southwest Petroleum University,33.601,China,World League
Shanghai Maritime University,33.598,China,World League
University of Agricultural Sciences and Veterinary Medicine of Cluj-Napoca,33.512,Romania,World League
Salahaddin University,33.467,Iraq,World League
Hunan Normal University,33.444,China,World League
University of Pardubice,33.398,Czech Republic,World League
Omsk State University,33.360,Russia,World League
Kemerovo State University,33.287,Russia,World League
Anhui Medical University,33.276,China,World League
Tomsk State University of Architecture and Building,33.087,Russia,World League
University of Fallujah,33.075,Iraq,World League
Swiss Montreux Business School,33.036,Switzerland,World League
Southwest State University,32.966,Russia,World League
University of Mazandaran,32.683,Iran,World League
Russian Biotechnological University,32.640,Russia,World League
Reshetnev Siberian State University of Science and Technology,32.596,Russia,World League
Chung Yuan Christian University,32.436,Taiwan,World League
Vyatka State University,32.419,Russia,World League
Tambov State Technical University,32.362,Russia,World League
Amity University,32.163,India,World League
Feng Chia University,32.102,Taiwan,World League
Irkutsk National Research Technical University,32.037,Russia,World League
Grigore T. Popa University of Medicine and Pharmacy,31.935,Romania,World League
Don State Technical University,31.917,Russia,World League
Kosygin University,31.509,Russia,World League
"California State University, Long Beach",31.507,USA,World League
Ufa State Petroleum Technological University (USPTU),31.497,Russia,World League
University of Samarra,31.491,Iraq,World League
Mordovia State University,31.437,Russia,World League
University of Mosul,31.286,Iraq,World League
Tver State University,31.222,Russia,World League
Volgograd State University,31.122,Russia,World League
Al-Kitab University,31.033,Iraq,World League
Chung Hua University,31.028,Taiwan,World League
Russian New University,30.965,Russia,World League
University of Quebec at Chicoutimi,30.915,Canada,World League
Transilvania University of Brasov,30.814,Romania,World League
Ural State University of Economics,30.659,Russia,World League
Marmara University,30.545,Turkey,World League
Sergo Ordzhonikidze Russian State University for Geological Prospecting,30.540,Russia,World League
Institute of Telecommunications and Informatics of Turkmenistan,30.502,Turkmenistan,World League
Taiyuan University of Technology,30.493,China,World League
Uruk University,30.486,Iraq,World League
Prigo University,30.455,Czech Republic,World League
Universidad de Guadalajara,30.413,Mexico,World League
Wenzhou University,30.379,China,World League
"``George Emil Palade`` University of Medicine, Pharmacy, Science, and Technology  of Targu Mures",30.375,Romania,World League
Democritus University of Thrace,30.216,Greece,World League
Polzunov Altai State Technical University,30.194,Russia,World League
I-Shou University,30.135,Taiwan,World League
Kindai University,30.031,Japan,World League
University of Diyala,30.004,Iraq,World League
Saint Petersburg State University of Architecture and Civil Engineering,29.889,Russia,World League
Suleyman Demirel University - Kazakhstan,29.855,Kazakhstan,World League
Shibaura Institute of Technology,29.838,Japan,World League
Rey Juan Carlos University,29.599,Spain,World League
European University Skopje,29.469,North Macedonia,World League
Russian State University for the Humanities,29.402,Russia,World League
Moscow State Technology University Stankin,29.322,Russia,World League
Beni-Suef University,29.275,Egypt,World League
Odessa National Academy of Food Technologies,29.228,Ukraine,World League
Dunarea de Jos University of Galati,29.208,Romania,World League
Tatung University,29.181,Taiwan,World League
Tamkang University,29.150,Taiwan,World League
Azerbaijan University of Architecture and Construction,29.115,Azerbaijan,World League
Lipetsk State Technical University,28.967,Russia,World League
Platov South-Russian State Polytechnic University,28.826,Russia,World League
ESIC Business and Marketing School,28.776,Spain,World League
University of AL-Qadisiyah,28.462,Iraq,World League
Western Caspian University,28.407,Azerbaijan,World League
Volgograd State Technical University,28.154,Russia,World League
Al-Ahliyya Amman University,28.062,Jordan,World League
Pacific National University,28.016,Russia,World League
University of Misan,27.976,Iraq,World League
National Chiayi University,27.965,Taiwan,World League
Omsk State Agrarian University,27.750,Russia,World League
Novgorod State University,27.696,Russia,World League
Orel State Agrarian University,27.672,Russia,World League
British University in Egypt,27.662,Egypt,World League
University of Tikrit,27.640,Iraq,World League
Ninevah University,27.621,Iraq,World League
Lucian Blaga University of Sibiu,27.479,Romania,World League
Kafrelsheikh University,27.403,Egypt,World League
Emperor Alexander I St.Petersburg State Transport University,27.210,Russia,World League
Ulyanovsk State University,27.201,Russia,World League
Vladimir State University named after Alexander and Nikolay Stoletovs,27.118,Russia,World League
Al-Qasim green university Iraq,27.100,Iraq,World League
Ming Chuan University,27.039,Taiwan,World League
Bursa Uludag University,26.937,Turkey,World League
Technical University of Cluj-Napoca,26.642,Romania,World League
Tunghai University,26.565,Taiwan,World League
NED University of Engineering and Technology,26.542,Pakistan,World League
Ostrogradskiy National University of Kremenchuk,26.538,Ukraine,World League
Ubon Ratchathani University,26.192,Thailand,World League
Eurecom (Grande Ecole),26.176,France,World League
Istanbul Gelisim University,25.710,Turkey,World League
Mahasarakham University,25.567,Thailand,World League
Al-Mustaqbal University College,25.524,Iraq,World League
University of Dubrovnik,25.349,Croatia,World League
University of Telafer,25.394,Iraq,World League
Chaoyang University of Technology,25.277,Taiwan,World League
Tra Vinh University,24.800,Vietnam,World League
National University of Kaohsiung,24.588,Taiwan,World League
University of Thi-Qar,24.562,Iraq,World League
Imam Ja`afar Al-Sadiq University,24.559,Iraq,World League
Togliatti State University,24.266,Russia,World League
Tanta University,24.085,Egypt,World League
University of Kerbala,23.922,Iraq,World League
Suleyman Demirel University,23.870,Turkey,World League
Taif University,23.818,Saudi Arabia,World League
Mari State University,23.727,Russia,World League
Guizhou University,23.724,China,World League
Al-Kunooze University College,23.627,Iraq,World League
Zonguldak Bulent Ecevit University,23.474,Turkey,World League
Islamic University in Najaf,23.378,Iraq,World League
Al-Maarif University College,23.167,Iraq,World League
October 6 University (O6U),23.116,Egypt,World League
Magnitogorsk State Technical University,23.005,Russia,World League
Istanbul Aydin University,22.854,Turkey,World League
Azerbaijan State University of Economics (UNEC),22.831,Azerbaijan,World League
Belgorod State Technological University,22.804,Russia,World League
EA Buketov Karaganda State University,22.664,Kazakhstan,World League
Poltava National Technical Yuri Kondratyuk University,22.631,Ukraine,World League
National Formosa University,22.559,Taiwan,World League
Al-Muthanna University,22.495,Iraq,World League
Siberian State University of Water Transport,22.413,Russia,World League
Kozma Minin Nizhny Novgorod State Pedagogical University,22.315,Russia,World League
Istanbul Medipol University,22.071,Turkey,World League
Iraq University College,21.907,Iraq,World League
Novosibirsk State University of Economics and Management,21.865,Russia,World League
Voronezh State Technical University,21.577,Russia,World League
Interdisciplinary Center Herzliya (IDC Herzliya),21.546,Israel,World League
Can Tho University,21.294,Vietnam,World League
Al-Farabi University College,21.045,Iraq,World League
Al-Furat Al-Awsat Technical  University,20.971,Iraq,World League
Chelyabinsk State University,20.850,Russia,World League
National Institute of Higher Education,20.822,Belarus,World League
Behalf of Basrah University College of Science and Technology,20.676,Iraq,World League
South Ukrainian National Pedagogical University named after K.D. Ushynsky,20.256,Ukraine,World League
Kirov Saint Petersburg State Lesotechnic University,20.133,Russia,World League
Middle Technical University,20.025,Iraq,World League
University of the Thai Chamber of Commerce,19.648,Thailand,World League
Rostov State University of Economics,19.619,Russia,World League
University of Ahl al-Bayt,19.463,Iraq,World League
Al-Yarmouk University College,19.311,Iraq,World League
Omsk State Pedagogical University,18.955,Russia,World League
Soochow University (Taiwan),18.911,Taiwan,World League
University of Petra (UOP),18.761,Jordan,World League
Al-Noor University College,18.686,Iraq,World League
Northern Technical University,18.590,Iraq,World League
Shakarim University,18.405,Kazakhstan,World League
Al-Karkh University of Science,18.223,Iraq,World League
Madenat Al-elem University College,18.181,Iraq,World League
Kherson State Maritime Academy,18.001,Ukraine,World League
Azerbaijan Technical University,18.000,Azerbaijan,World League
University of Al-Ameed,17.875,Iraq,World League
Dijlah University College,17.798,Iraq,World League
Arab American University (AAUP),17.787,State of Palestine,World League
Jabir Ibn Hayyan Medical University,17.519,Iraq,World League
Bilad Alrafidain University College,17.266,Iraq,World League
Kocaeli University,16.934,Turkey,World League
University of Kirkuk,16.597,Iraq,World League
University of Al-Hamdaniya,16.594,Iraq,World League
Kuban State Technological University,16.153,Russia,World League
Canadian International College,16.056,Egypt,World League
Kabardino-Balkarian State University,16.001,Russia,World League
Al-Iraqia University,15.037,Iraq,World League
Al-Kut University College,14.953,Iraq,World League
Murmansk Arctic State University,14.825,Russia,World League
University of Sumer,14.624,Iraq,World League
Al-Farahidi University College,14.502,Iraq,World League
Al-Amarah University College,14.411,Iraq,World League
Savannah College of Art and Design,13.467,USA,World League
Al-Bayan University,12.195,Iraq,World League
Karaganda University of Kaspotrebsoyuz,12.168,Kazakhstan,World League
Southern Technical University,12.091,Iraq,World League
Al-Esraa University College,11.635,Iraq,World League
University of Alkafeel,11.532,Iraq,World League
Voronezh Institute of High Technologies,11.346,Russia,World League
Baghdad College Of Economic Sciences University,11.108,Iraq,World League
Mazaya University College,10.777,Iraq,World League
Al-Ayen University,9.763,Iraq,World League
Al-Imam University College,9.438,Iraq,World League
National University for Science and Technology,9.362,Iraq,World League
Ashur University College,9.048,Iraq,World League
University College in Baghdad Iraq,7.954,Iraq,World League
Universitas Bakrie,7.599,Indonesia,World League
Al-Mansour University College,7.513,Iraq,World League
Altoosi University College,7.339,Iraq,World League
Al-Hikma University College,5.434,Iraq,World League
University of Warith Alanbiyaa,4.644,Iraq,World League
Imam Al-Kadhum College,4.232,Iraq,World League
